precision,recall
0.5,1.0
0.5024957287863053,1.0
0.5050164972055754,1.0
0.5074611714546746,0.9998
0.5099986396408652,0.9997333333333334
0.5125619552213296,0.9996666666666667
0.5151171579743008,0.9995333333333334
0.5176986566287944,0.9994
0.5203068592057761,0.9992666666666666
0.5228906413566893,0.999
0.5254130274650111,0.9986
0.5279619181946403,0.9982
0.5304668391762078,0.9976666666666667
0.5330696315301832,0.9972666666666666
0.5357002113710457,0.9968666666666667
0.5382149546174902,0.9962
0.5410465326815137,0.9960666666666667
0.5436539721837909,0.9954666666666667
0.5462898561335432,0.9948666666666667
0.5488810365135454,0.9941333333333333
0.551463784744069,0.9933333333333333
0.5541496092296241,0.9926666666666667
0.5568653867744471,0.992
0.5594234532590697,0.991
0.5621617530182038,0.9902666666666666
0.5648169292837025,0.9893333333333333
0.5673709998468841,0.9881333333333333
0.57007007007007,0.9871333333333333
0.5724298160696999,0.9855333333333334
0.5749337903100171,0.9841333333333333
0.577506169937713,0.9828
0.580226968240208,0.9816666666666667
0.5825273505628666,0.9797333333333333
0.5850711750867259,0.9782
0.5873646209386282,0.9762
0.5898874137444009,0.9745333333333334
0.5927655082819097,0.9734
0.5953518768124821,0.9717333333333333
0.5982164872195282,0.9704666666666667
0.6008269588587968,0.9687333333333333
0.6036613272311213,0.9672666666666667
0.6061291132881186,0.9652
0.608332982263976,0.9626666666666667
0.6108190605392573,0.9605333333333334
0.6131234267673535,0.9580666666666666
0.6155860884499785,0.9558
0.6178910976663786,0.9532
0.6202427036666521,0.9506666666666667
0.6231503370983277,0.9489333333333333
0.6257436213810426,0.9466666666666667
0.6282381121362669,0.9442
0.6309890600580487,0.9420666666666667
0.6331025802391441,0.9389333333333333
0.635018328279857,0.9354666666666667
0.6373701476216512,0.9326
0.6393247086888706,0.9290666666666667
0.6413691163564137,0.9256666666666666
0.643860465116279,0.9228666666666666
0.6459650601845347,0.9194666666666667
0.6479577398358646,0.9158666666666667
0.6504536170617015,0.9129333333333334
0.6524110218140069,0.9092
0.6547819802457239,0.906
0.656556342812773,0.9019333333333334
0.6584543188150755,0.898
0.6604293874335238,0.8941333333333333
0.6622848355573193,0.8900666666666667
0.6642178910544727,0.8860666666666667
0.666381350385177,0.8823333333333333
0.6685267857142857,0.8785333333333334
0.6711138373460104,0.8752666666666666
0.6733800350262698,0.8715333333333334
0.6751453488372093,0.8670666666666667
0.6772691603452786,0.8630666666666666
0.6795845196667721,0.8592666666666666
0.6815113992666206,0.8549333333333333
0.6836297407328048,0.8508
0.6854041794913333,0.8462
0.6873707131192162,0.8418
0.6893145271938972,0.8373333333333334
0.6909030544488712,0.8324
0.6926853763320873,0.8276666666666667
0.6947788905142342,0.8232666666666667
0.6968510638297872,0.8188
0.6988441290913252,0.8142
0.700681057370426,0.8093333333333333
0.7027420387727775,0.8047333333333333
0.7043105473338032,0.7995333333333333
0.7059659932460454,0.7944
0.7077704722056186,0.7894
0.7100898618901151,0.7849333333333334
0.7117210321324245,0.7796666666666666
0.7138733648590555,0.7749333333333334
0.7151800657038369,0.7692
0.7164039039039038,0.7634
0.7183454373223871,0.7583333333333333
0.7202601045518296,0.7532
0.7220827701615499,0.7479333333333333
0.7236807902261503,0.7424
0.7263599973751559,0.7379333333333333
0.7280318091451292,0.7324
0.730053547523427,0.7271333333333333
0.7311202758434183,0.7209333333333333
0.7325501980603742,0.7150666666666666
0.7338715241840889,0.7090666666666666
0.7361963190184049,0.704
0.7377949982388164,0.6982
0.7399259575679908,0.6928666666666666
0.7403756206375477,0.6859333333333333
0.7425080011638057,0.6805333333333333
0.7440252959776454,0.6745333333333333
0.7455762081784386,0.6685333333333333
0.7460341327719721,0.6615333333333333
0.7474908759124088,0.6554
0.7492117203722218,0.6494666666666666
0.7502722887817022,0.6429333333333334
0.7512790240062968,0.6363333333333333
0.7526282255495381,0.63
0.7546546304505521,0.6242
0.7564855604503181,0.6182
0.7582789660583037,0.6121333333333333
0.7600969980767622,0.606
0.7611346316680779,0.5992666666666666
0.7625418060200669,0.5928
0.7645066018068103,0.5867333333333333
0.7656428760010561,0.58
0.7669876939539861,0.5734
0.7684591052869408,0.5668666666666666
0.7706119457676804,0.5608
0.7729172471440513,0.5548
0.7749105292898851,0.5485333333333333
0.7761008692329735,0.5416666666666666
0.7789728682170542,0.5359333333333334
0.7803559138727756,0.5291333333333333
0.7820794252644183,0.5225333333333333
0.7836523852932239,0.5158
0.7848400699372622,0.5087333333333334
0.7869229162314602,0.5022666666666666
0.7889431239388794,0.49566666666666664
0.7905121293800539,0.4888
0.7915844838921762,0.4816
0.7945861646429765,0.4755333333333333
0.7959900317172632,0.46846666666666664
0.7979029842147712,0.46166666666666667
0.8,0.45493333333333336
0.8019329435628206,0.44806666666666667
0.8043002915451894,0.4414
0.8057411531799059,0.4341333333333333
0.8070086978444473,0.4268
0.808685596813568,0.4196
0.8104532355252816,0.41246666666666665
0.8121325494388028,0.4052
0.8137695978186775,0.3979333333333333
0.8171444475368773,0.3914666666666667
0.8179621998010516,0.3837333333333333
0.8191056910569106,0.3761333333333333
0.8210416975812435,0.3688666666666667
0.8223065250379362,0.3612666666666667
0.8245614035087719,0.35406666666666664
0.8270820089001907,0.3469333333333333
0.8293993162949699,0.3396666666666667
0.830663997330664,0.33193333333333336
0.8306244653550042,0.32366666666666666
0.8330407303370787,0.31633333333333336
0.8348359177785791,0.30866666666666664
0.8374722016308377,0.3012666666666667
0.8391461787688203,0.2935333333333333
0.8415064731267163,0.286
0.8433710590137429,0.2782
0.8449353897457273,0.27026666666666666
0.8468487846848785,0.2624666666666667
0.8486666666666667,0.2546
0.8508388876120432,0.2468
0.8557829604950024,0.23973333333333333
0.857847976307996,0.23173333333333335
0.859851396361773,0.22373333333333334
0.862812999467235,0.21593333333333334
0.8693481276005548,0.20893333333333333
0.8711638679791546,0.2006
0.8726172465960665,0.19226666666666667
0.8738910012674271,0.18386666666666668
0.8749584303292318,0.1754
0.8775367389783065,0.1672
0.8811369509043928,0.15913333333333332
0.8819851504493943,0.15046666666666667
0.8838174273858921,0.142
0.8889871738168952,0.134
0.8920454545454546,0.1256
0.9001528273051452,0.1178
0.9013230429988974,0.109
0.9080528846153846,0.10073333333333333
0.9108910891089109,0.092
0.9105571847507331,0.0828
0.9127572016460905,0.07393333333333334
0.9174484052532833,0.0652
0.9213973799126638,0.056266666666666666
0.9361147327249022,0.04786666666666667
0.9466019417475728,0.039
0.9488272921108742,0.029666666666666668
0.95,0.020266666666666665
0.9532163742690059,0.010866666666666667
1.0,0.0014666666666666667
